[
  {
    "url": "https://flagpedia.net/data/flags/w702/af.png",
    "name": "Afeganistão",
    "what": "País"
  },
  {
    "url": "https://flagpedia.net/data/flags/w702/ax.png",
    "name": "Ilhas Åland",
    "what": "País"
  },
  {
    "url": "https://flagpedia.net/data/flags/w702/al.png",
    "name": "Albânia",
    "what": "País"
  },
  {
    "url": "https://flagpedia.net/data/flags/w702/dz.png",
    "name": "Argélia",
    "what": "País"
  },
  {
    "url": "https://flagpedia.net/data/flags/w702/as.png",
    "name": "Samoa Americana",
    "what": "País"
  },
  {
    "url": "https://flagpedia.net/data/flags/w702/ad.png",
    "name": "Andorra",
    "what": "País"
  },
  {
    "url": "https://flagpedia.net/data/flags/w702/ao.png",
    "name": "Angola",
    "what": "País"
  },
  {
    "url": "https://flagpedia.net/data/flags/w702/ai.png",
    "name": "Anguilla",
    "what": "País"
  },
  {
    "url": "https://flagpedia.net/data/flags/w702/aq.png",
    "name": "Antártica",
    "what": "País"
  },
  {
    "url": "https://flagpedia.net/data/flags/w702/ag.png",
    "name": "Antígua e Barbuda",
    "what": "País"
  },
  {
    "url": "https://flagpedia.net/data/flags/w702/ar.png",
    "name": "Argentina",
    "what": "País"
  },
  {
    "url": "https://flagpedia.net/data/flags/w702/am.png",
    "name": "Armênia",
    "what": "País"
  },
  {
    "url": "https://flagpedia.net/data/flags/w702/aw.png",
    "name": "Aruba",
    "what": "País"
  },
  {
    "url": "https://flagpedia.net/data/flags/w702/au.png",
    "name": "Austrália",
    "what": "País"
  },
  {
    "url": "https://flagpedia.net/data/flags/w702/at.png",
    "name": "Áustria",
    "what": "País"
  },
  {
    "url": "https://flagpedia.net/data/flags/w702/az.png",
    "name": "Azerbaijão",
    "what": "País"
  },
  {
    "url": "https://flagpedia.net/data/flags/w702/bs.png",
    "name": "Bahamas",
    "what": "País"
  },
  {
    "url": "https://flagpedia.net/data/flags/w702/bh.png",
    "name": "Bahrein",
    "what": "País"
  },
  {
    "url": "https://flagpedia.net/data/flags/w702/bd.png",
    "name": "Bangladesh",
    "what": "País"
  },
  {
    "url": "https://flagpedia.net/data/flags/w702/bb.png",
    "name": "Barbados",
    "what": "País"
  },
  {
    "url": "https://flagpedia.net/data/flags/w702/by.png",
    "name": "Bielorrússia",
    "what": "País"
  },
  {
    "url": "https://flagpedia.net/data/flags/w702/be.png",
    "name": "Bélgica",
    "what": "País"
  },
  {
    "url": "https://flagpedia.net/data/flags/w702/bz.png",
    "name": "Belize",
    "what": "País"
  },
  {
    "url": "https://flagpedia.net/data/flags/w702/bj.png",
    "name": "Benin",
    "what": "País"
  },
  {
    "url": "https://flagpedia.net/data/flags/w702/bm.png",
    "name": "Bermudas",
    "what": "País"
  },
  {
    "url": "https://flagpedia.net/data/flags/w702/bt.png",
    "name": "Butão",
    "what": "País"
  },
  {
    "url": "https://flagpedia.net/data/flags/w702/bo.png",
    "name": "Bolívia",
    "what": "País"
  },
  {
    "url": "https://flagpedia.net/data/flags/w702/ba.png",
    "name": "Bósnia e Herzegovina",
    "what": "País"
  },
  {
    "url": "https://flagpedia.net/data/flags/w702/bw.png",
    "name": "Botsuana",
    "what": "País"
  },
  {
    "url": "https://flagpedia.net/data/flags/w702/bv.png",
    "name": "Ilha Bouvet",
    "what": "País"
  },
  {
    "url": "https://flagpedia.net/data/flags/w702/br.png",
    "name": "Brasil",
    "what": "País"
  },
  {
    "url": "https://flagpedia.net/data/flags/w702/io.png",
    "name": "Território Britânico do Oceano Índico",
    "what": "País"
  },
  {
    "url": "https://flagpedia.net/data/flags/w702/bn.png",
    "name": "Brunei",
    "what": "País"
  },
  {
    "url": "https://flagpedia.net/data/flags/w702/bg.png",
    "name": "Bulgária",
    "what": "País"
  },
  {
    "url": "https://flagpedia.net/data/flags/w702/bf.png",
    "name": "Burkina Faso",
    "what": "País"
  },
  {
    "url": "https://flagpedia.net/data/flags/w702/bi.png",
    "name": "Burundi",
    "what": "País"
  },
  {
    "url": "https://flagpedia.net/data/flags/w702/kh.png",
    "name": "Camboja",
    "what": "País"
  },
  {
    "url": "https://flagpedia.net/data/flags/w702/cm.png",
    "name": "Camarões",
    "what": "País"
  },
  {
    "url": "https://flagpedia.net/data/flags/w702/ca.png",
    "name": "Canadá",
    "what": "País"
  },
  {
    "url": "https://flagpedia.net/data/flags/w702/cv.png",
    "name": "Cabo Verde",
    "what": "País"
  },
  {
    "url": "https://flagpedia.net/data/flags/w702/bq.png",
    "name": "Países Baixos do Caribe",
    "what": "País"
  },
  {
    "url": "https://flagpedia.net/data/flags/w702/ky.png",
    "name": "Ilhas Cayman",
    "what": "País"
  },
  {
    "url": "https://flagpedia.net/data/flags/w702/cf.png",
    "name": "República Centro-Africana",
    "what": "País"
  },
  {
    "url": "https://flagpedia.net/data/flags/w702/td.png",
    "name": "Chade",
    "what": "País"
  },
  {
    "url": "https://flagpedia.net/data/flags/w702/cl.png",
    "name": "Chile",
    "what": "País"
  },
  {
    "url": "https://flagpedia.net/data/flags/w702/cn.png",
    "name": "China",
    "what": "País"
  },
  {
    "url": "https://flagpedia.net/data/flags/w702/cx.png",
    "name": "Ilha Christmas",
    "what": "País"
  },
  {
    "url": "https://flagpedia.net/data/flags/w702/cc.png",
    "name": "Ilhas Cocos",
    "what": "País"
  },
  {
    "url": "https://flagpedia.net/data/flags/w702/co.png",
    "name": "Colômbia",
    "what": "País"
  },
  {
    "url": "https://flagpedia.net/data/flags/w702/km.png",
    "name": "Comores",
    "what": "País"
  },
  {
    "url": "https://flagpedia.net/data/flags/w702/cg.png",
    "name": "República do Congo",
    "what": "País"
  },
  {
    "url": "https://flagpedia.net/data/flags/w702/cd.png",
    "name": "República Democrática do Congo",
    "what": "País"
  },
  {
    "url": "https://flagpedia.net/data/flags/w702/ck.png",
    "name": "Ilhas Cook",
    "what": "País"
  },
  {
    "url": "https://flagpedia.net/data/flags/w702/cr.png",
    "name": "Costa Rica",
    "what": "País"
  },
  {
    "url": "https://flagpedia.net/data/flags/w702/ci.png",
    "name": "Costa do Marfim",
    "what": "País"
  },
  {
    "url": "https://flagpedia.net/data/flags/w702/hr.png",
    "name": "Croácia",
    "what": "País"
  },
  {
    "url": "https://flagpedia.net/data/flags/w702/cu.png",
    "name": "Cuba",
    "what": "País"
  },
  {
    "url": "https://flagpedia.net/data/flags/w702/cw.png",
    "name": "Curaçao",
    "what": "País"
  },
  {
    "url": "https://flagpedia.net/data/flags/w702/cy.png",
    "name": "Chipre",
    "what": "País"
  },
  {
    "url": "https://flagpedia.net/data/flags/w702/cz.png",
    "name": "Chéquia",
    "what": "País"
  },
  {
    "url": "https://flagpedia.net/data/flags/w702/dk.png",
    "name": "Dinamarca",
    "what": "País"
  },
  {
    "url": "https://flagpedia.net/data/flags/w702/dj.png",
    "name": "Djibuti",
    "what": "País"
  },
  {
    "url": "https://flagpedia.net/data/flags/w702/dm.png",
    "name": "Dominica",
    "what": "País"
  },
  {
    "url": "https://flagpedia.net/data/flags/w702/do.png",
    "name": "República Dominicana",
    "what": "País"
  },
  {
    "url": "https://flagpedia.net/data/flags/w702/ec.png",
    "name": "Equador",
    "what": "País"
  },
  {
    "url": "https://flagpedia.net/data/flags/w702/eg.png",
    "name": "Egito",
    "what": "País"
  },
  {
    "url": "https://flagpedia.net/data/flags/w702/sv.png",
    "name": "El Salvador",
    "what": "País"
  },
  {
    "url": "https://flagpedia.net/data/flags/w702/gb-eng.png",
    "name": "Inglaterra",
    "what": "País"
  },
  {
    "url": "https://flagpedia.net/data/flags/w702/gq.png",
    "name": "Guiné Equatorial",
    "what": "País"
  },
  {
    "url": "https://flagpedia.net/data/flags/w702/er.png",
    "name": "Eritreia",
    "what": "País"
  },
  {
    "url": "https://flagpedia.net/data/flags/w702/ee.png",
    "name": "Estônia",
    "what": "País"
  },
  {
    "url": "https://flagpedia.net/data/flags/w702/sz.png",
    "name": "Eswatini",
    "what": "País"
  },
  {
    "url": "https://flagpedia.net/data/flags/w702/et.png",
    "name": "Etiópia",
    "what": "País"
  },
  {
    "url": "https://flagpedia.net/data/flags/w702/fk.png",
    "name": "Ilhas Falkland",
    "what": "País"
  },
  {
    "url": "https://flagpedia.net/data/flags/w702/fo.png",
    "name": "Ilhas Faroé",
    "what": "País"
  },
  {
    "url": "https://flagpedia.net/data/flags/w702/fj.png",
    "name": "Fiji",
    "what": "País"
  },
  {
    "url": "https://flagpedia.net/data/flags/w702/fi.png",
    "name": "Finlândia",
    "what": "País"
  },
  {
    "url": "https://flagpedia.net/data/flags/w702/fr.png",
    "name": "França",
    "what": "País"
  },
  {
    "url": "https://flagpedia.net/data/flags/w702/gf.png",
    "name": "Guiana Francesa",
    "what": "País"
  },
  {
    "url": "https://flagpedia.net/data/flags/w702/pf.png",
    "name": "Polinésia Francesa",
    "what": "País"
  },
  {
    "url": "https://flagpedia.net/data/flags/w702/tf.png",
    "name": "Terras Austrais e Antárticas Francesas",
    "what": "País"
  },
  {
    "url": "https://flagpedia.net/data/flags/w702/ga.png",
    "name": "Gabão",
    "what": "País"
  },
  {
    "url": "https://flagpedia.net/data/flags/w702/gm.png",
    "name": "Gâmbia",
    "what": "País"
  },
  {
    "url": "https://flagpedia.net/data/flags/w702/ge.png",
    "name": "Geórgia",
    "what": "País"
  },
  {
    "url": "https://flagpedia.net/data/flags/w702/de.png",
    "name": "Alemanha",
    "what": "País"
  },
  {
    "url": "https://flagpedia.net/data/flags/w702/gh.png",
    "name": "Gana",
    "what": "País"
  },
  {
    "url": "https://flagpedia.net/data/flags/w702/gi.png",
    "name": "Gibraltar",
    "what": "País"
  },
  {
    "url": "https://flagpedia.net/data/flags/w702/gr.png",
    "name": "Grécia",
    "what": "País"
  },
  {
    "url": "https://flagpedia.net/data/flags/w702/gl.png",
    "name": "Groenlândia",
    "what": "País"
  },
  {
    "url": "https://flagpedia.net/data/flags/w702/gd.png",
    "name": "Granada",
    "what": "País"
  },
  {
    "url": "https://flagpedia.net/data/flags/w702/gp.png",
    "name": "Guadalupe",
    "what": "País"
  },
  {
    "url": "https://flagpedia.net/data/flags/w702/gu.png",
    "name": "Guam",
    "what": "País"
  },
  {
    "url": "https://flagpedia.net/data/flags/w702/gt.png",
    "name": "Guatemala",
    "what": "País"
  },
  {
    "url": "https://flagpedia.net/data/flags/w702/gg.png",
    "name": "Guernsey",
    "what": "País"
  },
  {
    "url": "https://flagpedia.net/data/flags/w702/gn.png",
    "name": "Guiné",
    "what": "País"
  },
  {
    "url": "https://flagpedia.net/data/flags/w702/gw.png",
    "name": "Guiné-Bissau",
    "what": "País"
  },
  {
    "url": "https://flagpedia.net/data/flags/w702/gy.png",
    "name": "Guiana",
    "what": "País"
  },
  {
    "url": "https://flagpedia.net/data/flags/w702/ht.png",
    "name": "Haiti",
    "what": "País"
  },
  {
    "url": "https://flagpedia.net/data/flags/w702/hm.png",
    "name": "Ilha Heard e Ilhas McDonald",
    "what": "País"
  },
  {
    "url": "https://flagpedia.net/data/flags/w702/hn.png",
    "name": "Honduras",
    "what": "País"
  },
  {
    "url": "https://flagpedia.net/data/flags/w702/hk.png",
    "name": "Hong Kong",
    "what": "País"
  },
  {
    "url": "https://flagpedia.net/data/flags/w702/hu.png",
    "name": "Hungria",
    "what": "País"
  },
  {
    "url": "https://flagpedia.net/data/flags/w702/is.png",
    "name": "Islândia",
    "what": "País"
  },
  {
    "url": "https://flagpedia.net/data/flags/w702/in.png",
    "name": "Índia",
    "what": "País"
  },
  {
    "url": "https://flagpedia.net/data/flags/w702/id.png",
    "name": "Indonésia",
    "what": "País"
  },
  {
    "url": "https://flagpedia.net/data/flags/w702/ir.png",
    "name": "Irã",
    "what": "País"
  },
  {
    "url": "https://flagpedia.net/data/flags/w702/iq.png",
    "name": "Iraque",
    "what": "País"
  },
  {
    "url": "https://flagpedia.net/data/flags/w702/ie.png",
    "name": "Irlanda",
    "what": "País"
  },
  {
    "url": "https://flagpedia.net/data/flags/w702/im.png",
    "name": "Ilha de Man",
    "what": "País"
  },
  {
    "url": "https://flagpedia.net/data/flags/w702/il.png",
    "name": "Israel",
    "what": "País"
  },
  {
    "url": "https://flagpedia.net/data/flags/w702/it.png",
    "name": "Itália",
    "what": "País"
  },
  {
    "url": "https://flagpedia.net/data/flags/w702/jm.png",
    "name": "Jamaica",
    "what": "País"
  },
  {
    "url": "https://flagpedia.net/data/flags/w702/jp.png",
    "name": "Japão",
    "what": "País"
  },
  {
    "url": "https://flagpedia.net/data/flags/w702/je.png",
    "name": "Jersey",
    "what": "País"
  },
  {
    "url": "https://flagpedia.net/data/flags/w702/jo.png",
    "name": "Jordânia",
    "what": "País"
  },
  {
    "url": "https://flagpedia.net/data/flags/w702/kz.png",
    "name": "Cazaquistão",
    "what": "País"
  },
  {
    "url": "https://flagpedia.net/data/flags/w702/ke.png",
    "name": "Quênia",
    "what": "País"
  },
  {
    "url": "https://flagpedia.net/data/flags/w702/ki.png",
    "name": "Kiribati",
    "what": "País"
  },
  {
    "url": "https://flagpedia.net/data/flags/w702/kp.png",
    "name": "Coreia do Norte",
    "what": "País"
  },
  {
    "url": "https://flagpedia.net/data/flags/w702/kr.png",
    "name": "Coreia do Sul",
    "what": "País"
  },
  {
    "url": "https://flagpedia.net/data/flags/w702/xk.png",
    "name": "Kosovo",
    "what": "País"
  },
  {
    "url": "https://flagpedia.net/data/flags/w702/kw.png",
    "name": "Kuwait",
    "what": "País"
  },
  {
    "url": "https://flagpedia.net/data/flags/w702/kg.png",
    "name": "Quirguistão",
    "what": "País"
  },
  {
    "url": "https://flagpedia.net/data/flags/w702/la.png",
    "name": "Laos",
    "what": "País"
  },
  {
    "url": "https://flagpedia.net/data/flags/w702/lv.png",
    "name": "Letônia",
    "what": "País"
  },
  {
    "url": "https://flagpedia.net/data/flags/w702/lb.png",
    "name": "Líbano",
    "what": "País"
  },
  {
    "url": "https://flagpedia.net/data/flags/w702/ls.png",
    "name": "Lesoto",
    "what": "País"
  },
  {
    "url": "https://flagpedia.net/data/flags/w702/lr.png",
    "name": "Libéria",
    "what": "País"
  },
  {
    "url": "https://flagpedia.net/data/flags/w702/ly.png",
    "name": "Líbia",
    "what": "País"
  },
  {
    "url": "https://flagpedia.net/data/flags/w702/li.png",
    "name": "Liechtenstein",
    "what": "País"
  },
  {
    "url": "https://flagpedia.net/data/flags/w702/lt.png",
    "name": "Lituânia",
    "what": "País"
  },
  {
    "url": "https://flagpedia.net/data/flags/w702/lu.png",
    "name": "Luxemburgo",
    "what": "País"
  },
  {
    "url": "https://flagpedia.net/data/flags/w702/mo.png",
    "name": "Macau",
    "what": "País"
  },
  {
    "url": "https://flagpedia.net/data/flags/w702/mg.png",
    "name": "Madagáscar",
    "what": "País"
  },
  {
    "url": "https://flagpedia.net/data/flags/w702/mw.png",
    "name": "Malawi",
    "what": "País"
  },
  {
    "url": "https://flagpedia.net/data/flags/w702/my.png",
    "name": "Malásia",
    "what": "País"
  },
  {
    "url": "https://flagpedia.net/data/flags/w702/mv.png",
    "name": "Maldivas",
    "what": "País"
  },
  {
    "url": "https://flagpedia.net/data/flags/w702/ml.png",
    "name": "Mali",
    "what": "País"
  },
  {
    "url": "https://flagpedia.net/data/flags/w702/mt.png",
    "name": "Malta",
    "what": "País"
  },
  {
    "url": "https://flagpedia.net/data/flags/w702/mh.png",
    "name": "Ilhas Marshall",
    "what": "País"
  },
  {
    "url": "https://flagpedia.net/data/flags/w702/mq.png",
    "name": "Martinica",
    "what": "País"
  },
  {
    "url": "https://flagpedia.net/data/flags/w702/mr.png",
    "name": "Mauritânia",
    "what": "País"
  },
  {
    "url": "https://flagpedia.net/data/flags/w702/mu.png",
    "name": "Maurícia",
    "what": "País"
  },
  {
    "url": "https://flagpedia.net/data/flags/w702/yt.png",
    "name": "Mayotte",
    "what": "País"
  },
  {
    "url": "https://flagpedia.net/data/flags/w702/mx.png",
    "name": "México",
    "what": "País"
  },
  {
    "url": "https://flagpedia.net/data/flags/w702/fm.png",
    "name": "Micronésia",
    "what": "País"
  },
  {
    "url": "https://flagpedia.net/data/flags/w702/md.png",
    "name": "Moldávia",
    "what": "País"
  },
  {
    "url": "https://flagpedia.net/data/flags/w702/mc.png",
    "name": "Mônaco",
    "what": "País"
  },
  {
    "url": "https://flagpedia.net/data/flags/w702/mn.png",
    "name": "Mongólia",
    "what": "País"
  },
  {
    "url": "https://flagpedia.net/data/flags/w702/me.png",
    "name": "Montenegro",
    "what": "País"
  },
  {
    "url": "https://raw.githubusercontent.com/mateusantos24/Animado/main/Cache/Gartic/images/pais_montserrat_1765454184151.png",
    "name": "Montserrat",
    "what": "País"
  },
  {
    "url": "https://flagpedia.net/data/flags/w702/ma.png",
    "name": "Marrocos",
    "what": "País"
  },
  {
    "url": "https://flagpedia.net/data/flags/w702/mz.png",
    "name": "Moçambique",
    "what": "País"
  },
  {
    "url": "https://flagpedia.net/data/flags/w702/mm.png",
    "name": "Mianmar",
    "what": "País"
  },
  {
    "url": "https://flagpedia.net/data/flags/w702/na.png",
    "name": "Namíbia",
    "what": "País"
  },
  {
    "url": "https://flagpedia.net/data/flags/w702/nr.png",
    "name": "Nauru",
    "what": "País"
  },
  {
    "url": "https://flagpedia.net/data/flags/w702/np.png",
    "name": "Nepal",
    "what": "País"
  },
  {
    "url": "https://flagpedia.net/data/flags/w702/nl.png",
    "name": "Países Baixos",
    "what": "País"
  },
  {
    "url": "https://flagpedia.net/data/flags/w702/nc.png",
    "name": "Nova Caledônia",
    "what": "País"
  },
  {
    "url": "https://flagpedia.net/data/flags/w702/nz.png",
    "name": "Nova Zelândia",
    "what": "País"
  },
  {
    "url": "https://flagpedia.net/data/flags/w702/ni.png",
    "name": "Nicarágua",
    "what": "País"
  },
  {
    "url": "https://flagpedia.net/data/flags/w702/ne.png",
    "name": "Níger",
    "what": "País"
  },
  {
    "url": "https://flagpedia.net/data/flags/w702/ng.png",
    "name": "Nigéria",
    "what": "País"
  },
  {
    "url": "https://flagpedia.net/data/flags/w702/nu.png",
    "name": "Niue",
    "what": "País"
  },
  {
    "url": "https://flagpedia.net/data/flags/w702/nf.png",
    "name": "Ilha Norfolk",
    "what": "País"
  },
  {
    "url": "https://flagpedia.net/data/flags/w702/mk.png",
    "name": "Macedônia do Norte",
    "what": "País"
  },
  {
    "url": "https://flagpedia.net/data/flags/w702/gb-nir.png",
    "name": "Irlanda do Norte",
    "what": "País"
  },
  {
    "url": "https://flagpedia.net/data/flags/w702/mp.png",
    "name": "Ilhas Marianas do Norte",
    "what": "País"
  },
  {
    "url": "https://flagpedia.net/data/flags/w702/no.png",
    "name": "Noruega",
    "what": "País"
  },
  {
    "url": "https://flagpedia.net/data/flags/w702/om.png",
    "name": "Omã",
    "what": "País"
  },
  {
    "url": "https://flagpedia.net/data/flags/w702/pk.png",
    "name": "Paquistão",
    "what": "País"
  },
  {
    "url": "https://flagpedia.net/data/flags/w702/pw.png",
    "name": "Palau",
    "what": "País"
  },
  {
    "url": "https://flagpedia.net/data/flags/w702/ps.png",
    "name": "Palestina",
    "what": "País"
  },
  {
    "url": "https://flagpedia.net/data/flags/w702/pa.png",
    "name": "Panamá",
    "what": "País"
  },
  {
    "url": "https://flagpedia.net/data/flags/w702/pg.png",
    "name": "Papua Nova Guiné",
    "what": "País"
  },
  {
    "url": "https://flagpedia.net/data/flags/w702/py.png",
    "name": "Paraguai",
    "what": "País"
  },
  {
    "url": "https://flagpedia.net/data/flags/w702/pe.png",
    "name": "Peru",
    "what": "País"
  },
  {
    "url": "https://flagpedia.net/data/flags/w702/ph.png",
    "name": "Filipinas",
    "what": "País"
  },
  {
    "url": "https://flagpedia.net/data/flags/w702/pn.png",
    "name": "Ilhas Pitcairn",
    "what": "País"
  },
  {
    "url": "https://flagpedia.net/data/flags/w702/pl.png",
    "name": "Polônia",
    "what": "País"
  },
  {
    "url": "https://flagpedia.net/data/flags/w702/pt.png",
    "name": "Portugal",
    "what": "País"
  },
  {
    "url": "https://flagpedia.net/data/flags/w702/pr.png",
    "name": "Porto Rico",
    "what": "País"
  },
  {
    "url": "https://flagpedia.net/data/flags/w702/qa.png",
    "name": "Catar",
    "what": "País"
  },
  {
    "url": "https://flagpedia.net/data/flags/w702/re.png",
    "name": "Reunião",
    "what": "País"
  },
  {
    "url": "https://flagpedia.net/data/flags/w702/ro.png",
    "name": "Romênia",
    "what": "País"
  },
  {
    "url": "https://flagpedia.net/data/flags/w702/ru.png",
    "name": "Rússia",
    "what": "País"
  },
  {
    "url": "https://flagpedia.net/data/flags/w702/rw.png",
    "name": "Ruanda",
    "what": "País"
  },
  {
    "url": "https://flagpedia.net/data/flags/w702/bl.png",
    "name": "São Bartolomeu",
    "what": "País"
  },
  {
    "url": "https://flagpedia.net/data/flags/w702/sh.png",
    "name": "Santa Helena, Ascensão e Tristão da Cunha",
    "what": "País"
  },
  {
    "url": "https://flagpedia.net/data/flags/w702/kn.png",
    "name": "São Cristóvão e Nevis",
    "what": "País"
  },
  {
    "url": "https://flagpedia.net/data/flags/w702/lc.png",
    "name": "Santa Lúcia",
    "what": "País"
  },
  {
    "url": "https://flagpedia.net/data/flags/w702/mf.png",
    "name": "São Martinho",
    "what": "País"
  },
  {
    "url": "https://flagpedia.net/data/flags/w702/pm.png",
    "name": "São Pedro e Miquelão",
    "what": "País"
  },
  {
    "url": "https://flagpedia.net/data/flags/w702/vc.png",
    "name": "São Vicente e Granadinas",
    "what": "País"
  },
  {
    "url": "https://flagpedia.net/data/flags/w702/ws.png",
    "name": "Samoa",
    "what": "País"
  },
  {
    "url": "https://flagpedia.net/data/flags/w702/sm.png",
    "name": "San Marino",
    "what": "País"
  },
  {
    "url": "https://flagpedia.net/data/flags/w702/st.png",
    "name": "São Tomé e Príncipe",
    "what": "País"
  },
  {
    "url": "https://flagpedia.net/data/flags/w702/sa.png",
    "name": "Arábia Saudita",
    "what": "País"
  },
  {
    "url": "https://flagpedia.net/data/flags/w702/gb-sct.png",
    "name": "Escócia",
    "what": "País"
  },
  {
    "url": "https://flagpedia.net/data/flags/w702/sn.png",
    "name": "Senegal",
    "what": "País"
  },
  {
    "url": "https://flagpedia.net/data/flags/w702/rs.png",
    "name": "Sérvia",
    "what": "País"
  },
  {
    "url": "https://flagpedia.net/data/flags/w702/sc.png",
    "name": "Seicheles",
    "what": "País"
  },
  {
    "url": "https://flagpedia.net/data/flags/w702/sl.png",
    "name": "Serra Leoa",
    "what": "País"
  },
  {
    "url": "https://flagpedia.net/data/flags/w702/sg.png",
    "name": "Singapura",
    "what": "País"
  },
  {
    "url": "https://flagpedia.net/data/flags/w702/sx.png",
    "name": "Sint Maarten",
    "what": "País"
  },
  {
    "url": "https://flagpedia.net/data/flags/w702/sk.png",
    "name": "Eslováquia",
    "what": "País"
  },
  {
    "url": "https://flagpedia.net/data/flags/w702/si.png",
    "name": "Eslovênia",
    "what": "País"
  },
  {
    "url": "https://flagpedia.net/data/flags/w702/sb.png",
    "name": "Ilhas Salomão",
    "what": "País"
  },
  {
    "url": "https://flagpedia.net/data/flags/w702/so.png",
    "name": "Somália",
    "what": "País"
  },
  {
    "url": "https://flagpedia.net/data/flags/w702/za.png",
    "name": "África do Sul",
    "what": "País"
  },
  {
    "url": "https://flagpedia.net/data/flags/w702/gs.png",
    "name": "Geórgia do Sul",
    "what": "País"
  },
  {
    "url": "https://flagpedia.net/data/flags/w702/ss.png",
    "name": "Sudão do Sul",
    "what": "País"
  },
  {
    "url": "https://flagpedia.net/data/flags/w702/es.png",
    "name": "Espanha",
    "what": "País"
  },
  {
    "url": "https://flagpedia.net/data/flags/w702/lk.png",
    "name": "Sri Lanka",
    "what": "País"
  },
  {
    "url": "https://flagpedia.net/data/flags/w702/sd.png",
    "name": "Sudão",
    "what": "País"
  },
  {
    "url": "https://flagpedia.net/data/flags/w702/sr.png",
    "name": "Suriname",
    "what": "País"
  },
  {
    "url": "https://flagpedia.net/data/flags/w702/sj.png",
    "name": "Svalbard e Jan Mayen",
    "what": "País"
  },
  {
    "url": "https://flagpedia.net/data/flags/w702/se.png",
    "name": "Suécia",
    "what": "País"
  },
  {
    "url": "https://flagpedia.net/data/flags/w702/ch.png",
    "name": "Suíça",
    "what": "País"
  },
  {
    "url": "https://flagpedia.net/data/flags/w702/sy.png",
    "name": "Síria",
    "what": "País"
  },
  {
    "url": "https://flagpedia.net/data/flags/w702/tw.png",
    "name": "Taiwan",
    "what": "País"
  },
  {
    "url": "https://flagpedia.net/data/flags/w702/tj.png",
    "name": "Tajiquistão",
    "what": "País"
  },
  {
    "url": "https://flagpedia.net/data/flags/w702/tz.png",
    "name": "Tanzânia",
    "what": "País"
  },
  {
    "url": "https://flagpedia.net/data/flags/w702/th.png",
    "name": "Tailândia",
    "what": "País"
  },
  {
    "url": "https://flagpedia.net/data/flags/w702/tl.png",
    "name": "Timor-Leste",
    "what": "País"
  },
  {
    "url": "https://flagpedia.net/data/flags/w702/tg.png",
    "name": "Togo",
    "what": "País"
  },
  {
    "url": "https://flagpedia.net/data/flags/w702/tk.png",
    "name": "Tokelau",
    "what": "País"
  },
  {
    "url": "https://flagpedia.net/data/flags/w702/to.png",
    "name": "Tonga",
    "what": "País"
  },
  {
    "url": "https://flagpedia.net/data/flags/w702/tt.png",
    "name": "Trindade e Tobago",
    "what": "País"
  },
  {
    "url": "https://flagpedia.net/data/flags/w702/tn.png",
    "name": "Tunísia",
    "what": "País"
  },
  {
    "url": "https://flagpedia.net/data/flags/w702/tr.png",
    "name": "Turquia",
    "what": "País"
  },
  {
    "url": "https://flagpedia.net/data/flags/w702/tm.png",
    "name": "Turcomenistão",
    "what": "País"
  },
  {
    "url": "https://flagpedia.net/data/flags/w702/tc.png",
    "name": "Ilhas Turks and Caicos",
    "what": "País"
  },
  {
    "url": "https://flagpedia.net/data/flags/w702/tv.png",
    "name": "Tuvalu",
    "what": "País"
  },
  {
    "url": "https://flagpedia.net/data/flags/w702/ug.png",
    "name": "Uganda",
    "what": "País"
  },
  {
    "url": "https://flagpedia.net/data/flags/w702/ua.png",
    "name": "Ucrânia",
    "what": "País"
  },
  {
    "url": "https://flagpedia.net/data/flags/w702/ae.png",
    "name": "Emirados Árabes Unidos",
    "what": "País"
  },
  {
    "url": "https://flagpedia.net/data/flags/w702/gb.png",
    "name": "Reino Unido",
    "what": "País"
  },
  {
    "url": "https://flagpedia.net/data/flags/w702/us.png",
    "name": "Estados Unidos",
    "what": "País"
  },
  {
    "url": "https://flagpedia.net/data/flags/w702/um.png",
    "name": "Ilhas Menores Distantes dos Estados Unidos",
    "what": "País"
  },
  {
    "url": "https://flagpedia.net/data/flags/w702/uy.png",
    "name": "Uruguai",
    "what": "País"
  },
  {
    "url": "https://flagpedia.net/data/flags/w702/uz.png",
    "name": "Uzbequistão",
    "what": "País"
  },
  {
    "url": "https://flagpedia.net/data/flags/w702/vu.png",
    "name": "Vanuatu",
    "what": "País"
  },
  {
    "url": "https://flagpedia.net/data/flags/w702/va.png",
    "name": "Cidade do Vaticano",
    "what": "País"
  },
  {
    "url": "https://flagpedia.net/data/flags/w702/ve.png",
    "name": "Venezuela",
    "what": "País"
  },
  {
    "url": "https://flagpedia.net/data/flags/w702/vn.png",
    "name": "Vietnã",
    "what": "País"
  },
  {
    "url": "https://flagpedia.net/data/flags/w702/vg.png",
    "name": "Ilhas Virgens Britânicas",
    "what": "País"
  },
  {
    "url": "https://flagpedia.net/data/flags/w702/vi.png",
    "name": "Ilhas Virgens Americanas",
    "what": "País"
  },
  {
    "url": "https://flagpedia.net/data/flags/w702/gb-wls.png",
    "name": "País de Gales",
    "what": "País"
  },
  {
    "url": "https://flagpedia.net/data/flags/w702/wf.png",
    "name": "Wallis and Futuna",
    "what": "País"
  },
  {
    "url": "https://flagpedia.net/data/flags/w702/eh.png",
    "name": "Saara Ocidental",
    "what": "País"
  },
  {
    "url": "https://flagpedia.net/data/flags/w702/ye.png",
    "name": "Iémen",
    "what": "País"
  },
  {
    "url": "https://flagpedia.net/data/flags/w702/zm.png",
    "name": "Zâmbia",
    "what": "País"
  },
  {
    "url": "https://flagpedia.net/data/flags/w702/zw.png",
    "name": "Zimbábue",
    "what": "País"
  }
]